Building_Name,mean,min,max,sum
Dorm_A,314.93333333333334,115,492,18896
Library,301.71666666666664,102,495,18103
Science_Hall,285.6166666666667,101,480,17137
